,file_id,label,npy_path
0,1039287.mp3,alarm_call,C:\Users\HishamMo\Desktop\999_cs\animal-stress-reducer\processed_npy\1039287.npy
1,1073965.mp3,alarm_call,C:\Users\HishamMo\Desktop\999_cs\animal-stress-reducer\processed_npy\1073965.npy
2,120134.mp3,alarm_call,C:\Users\HishamMo\Desktop\999_cs\animal-stress-reducer\processed_npy\120134.npy
3,122450.mp3,alarm_call,C:\Users\HishamMo\Desktop\999_cs\animal-stress-reducer\processed_npy\122450.npy
4,122458.mp3,alarm_call,C:\Users\HishamMo\Desktop\999_cs\animal-stress-reducer\processed_npy\122458.npy
5,122461.mp3,alarm_call,C:\Users\HishamMo\Desktop\999_cs\animal-stress-reducer\processed_npy\122461.npy
6,122771.mp3,alarm_call,C:\Users\HishamMo\Desktop\999_cs\animal-stress-reducer\processed_npy\122771.npy
7,122932.mp3,alarm_call,C:\Users\HishamMo\Desktop\999_cs\animal-stress-reducer\processed_npy\122932.npy
8,122934.mp3,alarm_call,C:\Users\HishamMo\Desktop\999_cs\animal-stress-reducer\processed_npy\122934.npy
9,122938.mp3,alarm_call,C:\Users\HishamMo\Desktop\999_cs\animal-stress-reducer\processed_npy\122938.npy
10,123037.mp3,alarm_call,C:\Users\HishamMo\Desktop\999_cs\animal-stress-reducer\processed_npy\123037.npy
11,123393.mp3,alarm_call,C:\Users\HishamMo\Desktop\999_cs\animal-stress-reducer\processed_npy\123393.npy
12,123531.mp3,alarm_call,C:\Users\HishamMo\Desktop\999_cs\animal-stress-reducer\processed_npy\123531.npy
13,125484.mp3,alarm_call,C:\Users\HishamMo\Desktop\999_cs\animal-stress-reducer\processed_npy\125484.npy
14,129372.mp3,alarm_call,C:\Users\HishamMo\Desktop\999_cs\animal-stress-reducer\processed_npy\129372.npy
15,168910.mp3,alarm_call,C:\Users\HishamMo\Desktop\999_cs\animal-stress-reducer\processed_npy\168910.npy
16,197903.mp3,alarm_call,C:\Users\HishamMo\Desktop\999_cs\animal-stress-reducer\processed_npy\197903.npy
17,199092.mp3,alarm_call,C:\Users\HishamMo\Desktop\999_cs\animal-stress-reducer\processed_npy\199092.npy
18,281644.mp3,alarm_call,C:\Users\HishamMo\Desktop\999_cs\animal-stress-reducer\processed_npy\281644.npy
19,281645.mp3,alarm_call,C:\Users\HishamMo\Desktop\999_cs\animal-stress-reducer\processed_npy\281645.npy
20,309133.mp3,alarm_call,C:\Users\HishamMo\Desktop\999_cs\animal-stress-reducer\processed_npy\309133.npy
21,309482.mp3,alarm_call,C:\Users\HishamMo\Desktop\999_cs\animal-stress-reducer\processed_npy\309482.npy
22,311639.mp3,alarm_call,C:\Users\HishamMo\Desktop\999_cs\animal-stress-reducer\processed_npy\311639.npy
23,344674.mp3,alarm_call,C:\Users\HishamMo\Desktop\999_cs\animal-stress-reducer\processed_npy\344674.npy
24,357220.mp3,alarm_call,C:\Users\HishamMo\Desktop\999_cs\animal-stress-reducer\processed_npy\357220.npy
25,358229.mp3,alarm_call,C:\Users\HishamMo\Desktop\999_cs\animal-stress-reducer\processed_npy\358229.npy
26,361979.mp3,alarm_call,C:\Users\HishamMo\Desktop\999_cs\animal-stress-reducer\processed_npy\361979.npy
27,401893.mp3,alarm_call,C:\Users\HishamMo\Desktop\999_cs\animal-stress-reducer\processed_npy\401893.npy
28,407882.mp3,alarm_call,C:\Users\HishamMo\Desktop\999_cs\animal-stress-reducer\processed_npy\407882.npy
29,407883.mp3,alarm_call,C:\Users\HishamMo\Desktop\999_cs\animal-stress-reducer\processed_npy\407883.npy
30,409935.mp3,alarm_call,C:\Users\HishamMo\Desktop\999_cs\animal-stress-reducer\processed_npy\409935.npy
31,411415.mp3,alarm_call,C:\Users\HishamMo\Desktop\999_cs\animal-stress-reducer\processed_npy\411415.npy
32,432977.mp3,alarm_call,C:\Users\HishamMo\Desktop\999_cs\animal-stress-reducer\processed_npy\432977.npy
33,443871.mp3,alarm_call,C:\Users\HishamMo\Desktop\999_cs\animal-stress-reducer\processed_npy\443871.npy
34,489458.mp3,alarm_call,C:\Users\HishamMo\Desktop\999_cs\animal-stress-reducer\processed_npy\489458.npy
35,513540.mp3,alarm_call,C:\Users\HishamMo\Desktop\999_cs\animal-stress-reducer\processed_npy\513540.npy
36,516323.mp3,alarm_call,C:\Users\HishamMo\Desktop\999_cs\animal-stress-reducer\processed_npy\516323.npy
37,524164.mp3,alarm_call,C:\Users\HishamMo\Desktop\999_cs\animal-stress-reducer\processed_npy\524164.npy
38,524360.mp3,alarm_call,C:\Users\HishamMo\Desktop\999_cs\animal-stress-reducer\processed_npy\524360.npy
39,533767.mp3,alarm_call,C:\Users\HishamMo\Desktop\999_cs\animal-stress-reducer\processed_npy\533767.npy
40,54030.mp3,alarm_call,C:\Users\HishamMo\Desktop\999_cs\animal-stress-reducer\processed_npy\54030.npy
41,541533.mp3,alarm_call,C:\Users\HishamMo\Desktop\999_cs\animal-stress-reducer\processed_npy\541533.npy
42,555065.mp3,alarm_call,C:\Users\HishamMo\Desktop\999_cs\animal-stress-reducer\processed_npy\555065.npy
43,597937.mp3,alarm_call,C:\Users\HishamMo\Desktop\999_cs\animal-stress-reducer\processed_npy\597937.npy
44,605717.mp3,alarm_call,C:\Users\HishamMo\Desktop\999_cs\animal-stress-reducer\processed_npy\605717.npy
45,611451.mp3,alarm_call,C:\Users\HishamMo\Desktop\999_cs\animal-stress-reducer\processed_npy\611451.npy
46,612190.mp3,alarm_call,C:\Users\HishamMo\Desktop\999_cs\animal-stress-reducer\processed_npy\612190.npy
47,614275.mp3,alarm_call,C:\Users\HishamMo\Desktop\999_cs\animal-stress-reducer\processed_npy\614275.npy
48,627276.mp3,alarm_call,C:\Users\HishamMo\Desktop\999_cs\animal-stress-reducer\processed_npy\627276.npy
49,629898.mp3,alarm_call,C:\Users\HishamMo\Desktop\999_cs\animal-stress-reducer\processed_npy\629898.npy
50,630951.mp3,alarm_call,C:\Users\HishamMo\Desktop\999_cs\animal-stress-reducer\processed_npy\630951.npy
51,676609.mp3,alarm_call,C:\Users\HishamMo\Desktop\999_cs\animal-stress-reducer\processed_npy\676609.npy
52,766588.mp3,alarm_call,C:\Users\HishamMo\Desktop\999_cs\animal-stress-reducer\processed_npy\766588.npy
53,778403.mp3,alarm_call,C:\Users\HishamMo\Desktop\999_cs\animal-stress-reducer\processed_npy\778403.npy
54,782692.mp3,alarm_call,C:\Users\HishamMo\Desktop\999_cs\animal-stress-reducer\processed_npy\782692.npy
55,790474.mp3,alarm_call,C:\Users\HishamMo\Desktop\999_cs\animal-stress-reducer\processed_npy\790474.npy
56,792451.mp3,alarm_call,C:\Users\HishamMo\Desktop\999_cs\animal-stress-reducer\processed_npy\792451.npy
57,801873.mp3,alarm_call,C:\Users\HishamMo\Desktop\999_cs\animal-stress-reducer\processed_npy\801873.npy
58,806433.mp3,alarm_call,C:\Users\HishamMo\Desktop\999_cs\animal-stress-reducer\processed_npy\806433.npy
59,823016.mp3,alarm_call,C:\Users\HishamMo\Desktop\999_cs\animal-stress-reducer\processed_npy\823016.npy
60,833617.mp3,alarm_call,C:\Users\HishamMo\Desktop\999_cs\animal-stress-reducer\processed_npy\833617.npy
61,853713.mp3,alarm_call,C:\Users\HishamMo\Desktop\999_cs\animal-stress-reducer\processed_npy\853713.npy
62,865909.mp3,alarm_call,C:\Users\HishamMo\Desktop\999_cs\animal-stress-reducer\processed_npy\865909.npy
63,879815.mp3,alarm_call,C:\Users\HishamMo\Desktop\999_cs\animal-stress-reducer\processed_npy\879815.npy
64,879816.mp3,alarm_call,C:\Users\HishamMo\Desktop\999_cs\animal-stress-reducer\processed_npy\879816.npy
65,899545.mp3,alarm_call,C:\Users\HishamMo\Desktop\999_cs\animal-stress-reducer\processed_npy\899545.npy
66,917135.mp3,alarm_call,C:\Users\HishamMo\Desktop\999_cs\animal-stress-reducer\processed_npy\917135.npy
67,956880.mp3,alarm_call,C:\Users\HishamMo\Desktop\999_cs\animal-stress-reducer\processed_npy\956880.npy
68,956889.mp3,alarm_call,C:\Users\HishamMo\Desktop\999_cs\animal-stress-reducer\processed_npy\956889.npy
69,956913.mp3,alarm_call,C:\Users\HishamMo\Desktop\999_cs\animal-stress-reducer\processed_npy\956913.npy
70,983069.mp3,alarm_call,C:\Users\HishamMo\Desktop\999_cs\animal-stress-reducer\processed_npy\983069.npy
71,985820.mp3,alarm_call,C:\Users\HishamMo\Desktop\999_cs\animal-stress-reducer\processed_npy\985820.npy
72,1041642.mp3,call,C:\Users\HishamMo\Desktop\999_cs\animal-stress-reducer\processed_npy\1041642.npy
73,1048483.mp3,call,C:\Users\HishamMo\Desktop\999_cs\animal-stress-reducer\processed_npy\1048483.npy
74,1049551.mp3,call,C:\Users\HishamMo\Desktop\999_cs\animal-stress-reducer\processed_npy\1049551.npy
75,1072009.mp3,call,C:\Users\HishamMo\Desktop\999_cs\animal-stress-reducer\processed_npy\1072009.npy
76,1075606.mp3,call,C:\Users\HishamMo\Desktop\999_cs\animal-stress-reducer\processed_npy\1075606.npy
77,1082599.mp3,call,C:\Users\HishamMo\Desktop\999_cs\animal-stress-reducer\processed_npy\1082599.npy
78,1087530.mp3,call,C:\Users\HishamMo\Desktop\999_cs\animal-stress-reducer\processed_npy\1087530.npy
79,1087531.mp3,call,C:\Users\HishamMo\Desktop\999_cs\animal-stress-reducer\processed_npy\1087531.npy
80,530521.mp3,call,C:\Users\HishamMo\Desktop\999_cs\animal-stress-reducer\processed_npy\530521.npy
81,530627.mp3,call,C:\Users\HishamMo\Desktop\999_cs\animal-stress-reducer\processed_npy\530627.npy
82,539240.mp3,call,C:\Users\HishamMo\Desktop\999_cs\animal-stress-reducer\processed_npy\539240.npy
83,541531.mp3,call,C:\Users\HishamMo\Desktop\999_cs\animal-stress-reducer\processed_npy\541531.npy
84,541533.mp3,call,C:\Users\HishamMo\Desktop\999_cs\animal-stress-reducer\processed_npy\541533.npy
85,546441.mp3,call,C:\Users\HishamMo\Desktop\999_cs\animal-stress-reducer\processed_npy\546441.npy
86,555065.mp3,call,C:\Users\HishamMo\Desktop\999_cs\animal-stress-reducer\processed_npy\555065.npy
87,571732.mp3,call,C:\Users\HishamMo\Desktop\999_cs\animal-stress-reducer\processed_npy\571732.npy
88,593044.mp3,call,C:\Users\HishamMo\Desktop\999_cs\animal-stress-reducer\processed_npy\593044.npy
89,597937.mp3,call,C:\Users\HishamMo\Desktop\999_cs\animal-stress-reducer\processed_npy\597937.npy
90,604638.mp3,call,C:\Users\HishamMo\Desktop\999_cs\animal-stress-reducer\processed_npy\604638.npy
91,610399.mp3,call,C:\Users\HishamMo\Desktop\999_cs\animal-stress-reducer\processed_npy\610399.npy
92,611486.mp3,call,C:\Users\HishamMo\Desktop\999_cs\animal-stress-reducer\processed_npy\611486.npy
93,612182.mp3,call,C:\Users\HishamMo\Desktop\999_cs\animal-stress-reducer\processed_npy\612182.npy
94,612190.mp3,call,C:\Users\HishamMo\Desktop\999_cs\animal-stress-reducer\processed_npy\612190.npy
95,612194.mp3,call,C:\Users\HishamMo\Desktop\999_cs\animal-stress-reducer\processed_npy\612194.npy
96,614196.mp3,call,C:\Users\HishamMo\Desktop\999_cs\animal-stress-reducer\processed_npy\614196.npy
97,618975.mp3,call,C:\Users\HishamMo\Desktop\999_cs\animal-stress-reducer\processed_npy\618975.npy
98,619954.mp3,call,C:\Users\HishamMo\Desktop\999_cs\animal-stress-reducer\processed_npy\619954.npy
99,620251.mp3,call,C:\Users\HishamMo\Desktop\999_cs\animal-stress-reducer\processed_npy\620251.npy
100,621363.mp3,call,C:\Users\HishamMo\Desktop\999_cs\animal-stress-reducer\processed_npy\621363.npy
101,625075.mp3,call,C:\Users\HishamMo\Desktop\999_cs\animal-stress-reducer\processed_npy\625075.npy
102,627329.mp3,call,C:\Users\HishamMo\Desktop\999_cs\animal-stress-reducer\processed_npy\627329.npy
103,627978.mp3,call,C:\Users\HishamMo\Desktop\999_cs\animal-stress-reducer\processed_npy\627978.npy
104,631744.mp3,call,C:\Users\HishamMo\Desktop\999_cs\animal-stress-reducer\processed_npy\631744.npy
105,636311.mp3,call,C:\Users\HishamMo\Desktop\999_cs\animal-stress-reducer\processed_npy\636311.npy
106,640219.mp3,call,C:\Users\HishamMo\Desktop\999_cs\animal-stress-reducer\processed_npy\640219.npy
107,641390.mp3,call,C:\Users\HishamMo\Desktop\999_cs\animal-stress-reducer\processed_npy\641390.npy
108,659768.mp3,call,C:\Users\HishamMo\Desktop\999_cs\animal-stress-reducer\processed_npy\659768.npy
109,659796.mp3,call,C:\Users\HishamMo\Desktop\999_cs\animal-stress-reducer\processed_npy\659796.npy
110,659797.mp3,call,C:\Users\HishamMo\Desktop\999_cs\animal-stress-reducer\processed_npy\659797.npy
111,676609.mp3,call,C:\Users\HishamMo\Desktop\999_cs\animal-stress-reducer\processed_npy\676609.npy
112,680516.mp3,call,C:\Users\HishamMo\Desktop\999_cs\animal-stress-reducer\processed_npy\680516.npy
113,680517.mp3,call,C:\Users\HishamMo\Desktop\999_cs\animal-stress-reducer\processed_npy\680517.npy
114,680792.mp3,call,C:\Users\HishamMo\Desktop\999_cs\animal-stress-reducer\processed_npy\680792.npy
115,680845.mp3,call,C:\Users\HishamMo\Desktop\999_cs\animal-stress-reducer\processed_npy\680845.npy
116,697946.mp3,call,C:\Users\HishamMo\Desktop\999_cs\animal-stress-reducer\processed_npy\697946.npy
117,702690.mp3,call,C:\Users\HishamMo\Desktop\999_cs\animal-stress-reducer\processed_npy\702690.npy
118,703400.mp3,call,C:\Users\HishamMo\Desktop\999_cs\animal-stress-reducer\processed_npy\703400.npy
119,703417.mp3,call,C:\Users\HishamMo\Desktop\999_cs\animal-stress-reducer\processed_npy\703417.npy
120,703532.mp3,call,C:\Users\HishamMo\Desktop\999_cs\animal-stress-reducer\processed_npy\703532.npy
121,703575.mp3,call,C:\Users\HishamMo\Desktop\999_cs\animal-stress-reducer\processed_npy\703575.npy
122,707026.mp3,call,C:\Users\HishamMo\Desktop\999_cs\animal-stress-reducer\processed_npy\707026.npy
123,707027.mp3,call,C:\Users\HishamMo\Desktop\999_cs\animal-stress-reducer\processed_npy\707027.npy
124,709335.mp3,call,C:\Users\HishamMo\Desktop\999_cs\animal-stress-reducer\processed_npy\709335.npy
125,710918.mp3,call,C:\Users\HishamMo\Desktop\999_cs\animal-stress-reducer\processed_npy\710918.npy
126,711221.mp3,call,C:\Users\HishamMo\Desktop\999_cs\animal-stress-reducer\processed_npy\711221.npy
127,711388.mp3,call,C:\Users\HishamMo\Desktop\999_cs\animal-stress-reducer\processed_npy\711388.npy
128,712879.mp3,call,C:\Users\HishamMo\Desktop\999_cs\animal-stress-reducer\processed_npy\712879.npy
129,718046.mp3,call,C:\Users\HishamMo\Desktop\999_cs\animal-stress-reducer\processed_npy\718046.npy
130,754950.mp3,call,C:\Users\HishamMo\Desktop\999_cs\animal-stress-reducer\processed_npy\754950.npy
131,756695.mp3,call,C:\Users\HishamMo\Desktop\999_cs\animal-stress-reducer\processed_npy\756695.npy
132,761132.mp3,call,C:\Users\HishamMo\Desktop\999_cs\animal-stress-reducer\processed_npy\761132.npy
133,767786.mp3,call,C:\Users\HishamMo\Desktop\999_cs\animal-stress-reducer\processed_npy\767786.npy
134,778405.mp3,call,C:\Users\HishamMo\Desktop\999_cs\animal-stress-reducer\processed_npy\778405.npy
135,780462.mp3,call,C:\Users\HishamMo\Desktop\999_cs\animal-stress-reducer\processed_npy\780462.npy
136,782691.mp3,call,C:\Users\HishamMo\Desktop\999_cs\animal-stress-reducer\processed_npy\782691.npy
137,782692.mp3,call,C:\Users\HishamMo\Desktop\999_cs\animal-stress-reducer\processed_npy\782692.npy
138,783633.mp3,call,C:\Users\HishamMo\Desktop\999_cs\animal-stress-reducer\processed_npy\783633.npy
139,789414.mp3,call,C:\Users\HishamMo\Desktop\999_cs\animal-stress-reducer\processed_npy\789414.npy
140,789415.mp3,call,C:\Users\HishamMo\Desktop\999_cs\animal-stress-reducer\processed_npy\789415.npy
141,790451.mp3,call,C:\Users\HishamMo\Desktop\999_cs\animal-stress-reducer\processed_npy\790451.npy
142,793539.mp3,call,C:\Users\HishamMo\Desktop\999_cs\animal-stress-reducer\processed_npy\793539.npy
143,795763.mp3,call,C:\Users\HishamMo\Desktop\999_cs\animal-stress-reducer\processed_npy\795763.npy
144,800916.mp3,call,C:\Users\HishamMo\Desktop\999_cs\animal-stress-reducer\processed_npy\800916.npy
145,806433.mp3,call,C:\Users\HishamMo\Desktop\999_cs\animal-stress-reducer\processed_npy\806433.npy
146,810060.mp3,call,C:\Users\HishamMo\Desktop\999_cs\animal-stress-reducer\processed_npy\810060.npy
147,823016.mp3,call,C:\Users\HishamMo\Desktop\999_cs\animal-stress-reducer\processed_npy\823016.npy
148,832368.mp3,call,C:\Users\HishamMo\Desktop\999_cs\animal-stress-reducer\processed_npy\832368.npy
149,838178.mp3,call,C:\Users\HishamMo\Desktop\999_cs\animal-stress-reducer\processed_npy\838178.npy
150,843484.mp3,call,C:\Users\HishamMo\Desktop\999_cs\animal-stress-reducer\processed_npy\843484.npy
151,843489.mp3,call,C:\Users\HishamMo\Desktop\999_cs\animal-stress-reducer\processed_npy\843489.npy
152,845912.mp3,call,C:\Users\HishamMo\Desktop\999_cs\animal-stress-reducer\processed_npy\845912.npy
153,853713.mp3,call,C:\Users\HishamMo\Desktop\999_cs\animal-stress-reducer\processed_npy\853713.npy
154,871383.mp3,call,C:\Users\HishamMo\Desktop\999_cs\animal-stress-reducer\processed_npy\871383.npy
155,871607.mp3,call,C:\Users\HishamMo\Desktop\999_cs\animal-stress-reducer\processed_npy\871607.npy
156,878089.mp3,call,C:\Users\HishamMo\Desktop\999_cs\animal-stress-reducer\processed_npy\878089.npy
157,899545.mp3,call,C:\Users\HishamMo\Desktop\999_cs\animal-stress-reducer\processed_npy\899545.npy
158,924149.mp3,call,C:\Users\HishamMo\Desktop\999_cs\animal-stress-reducer\processed_npy\924149.npy
159,925094.mp3,call,C:\Users\HishamMo\Desktop\999_cs\animal-stress-reducer\processed_npy\925094.npy
160,925095.mp3,call,C:\Users\HishamMo\Desktop\999_cs\animal-stress-reducer\processed_npy\925095.npy
161,929206.mp3,call,C:\Users\HishamMo\Desktop\999_cs\animal-stress-reducer\processed_npy\929206.npy
162,956876.mp3,call,C:\Users\HishamMo\Desktop\999_cs\animal-stress-reducer\processed_npy\956876.npy
163,956880.mp3,call,C:\Users\HishamMo\Desktop\999_cs\animal-stress-reducer\processed_npy\956880.npy
164,956887.mp3,call,C:\Users\HishamMo\Desktop\999_cs\animal-stress-reducer\processed_npy\956887.npy
165,962275.mp3,call,C:\Users\HishamMo\Desktop\999_cs\animal-stress-reducer\processed_npy\962275.npy
166,983564.mp3,call,C:\Users\HishamMo\Desktop\999_cs\animal-stress-reducer\processed_npy\983564.npy
167,985820.mp3,call,C:\Users\HishamMo\Desktop\999_cs\animal-stress-reducer\processed_npy\985820.npy
168,986235.mp3,call,C:\Users\HishamMo\Desktop\999_cs\animal-stress-reducer\processed_npy\986235.npy
169,987453.mp3,call,C:\Users\HishamMo\Desktop\999_cs\animal-stress-reducer\processed_npy\987453.npy
170,989898.mp3,call,C:\Users\HishamMo\Desktop\999_cs\animal-stress-reducer\processed_npy\989898.npy
171,990594.mp3,call,C:\Users\HishamMo\Desktop\999_cs\animal-stress-reducer\processed_npy\990594.npy
172,1009333.mp3,song,C:\Users\HishamMo\Desktop\999_cs\animal-stress-reducer\processed_npy\1009333.npy
173,1041642.mp3,song,C:\Users\HishamMo\Desktop\999_cs\animal-stress-reducer\processed_npy\1041642.npy
174,1079215.mp3,song,C:\Users\HishamMo\Desktop\999_cs\animal-stress-reducer\processed_npy\1079215.npy
175,1079218.mp3,song,C:\Users\HishamMo\Desktop\999_cs\animal-stress-reducer\processed_npy\1079218.npy
176,1082760.mp3,song,C:\Users\HishamMo\Desktop\999_cs\animal-stress-reducer\processed_npy\1082760.npy
177,1084325.mp3,song,C:\Users\HishamMo\Desktop\999_cs\animal-stress-reducer\processed_npy\1084325.npy
178,1087991.mp3,song,C:\Users\HishamMo\Desktop\999_cs\animal-stress-reducer\processed_npy\1087991.npy
179,629909.mp3,song,C:\Users\HishamMo\Desktop\999_cs\animal-stress-reducer\processed_npy\629909.npy
180,630718.mp3,song,C:\Users\HishamMo\Desktop\999_cs\animal-stress-reducer\processed_npy\630718.npy
181,633254.mp3,song,C:\Users\HishamMo\Desktop\999_cs\animal-stress-reducer\processed_npy\633254.npy
182,635804.mp3,song,C:\Users\HishamMo\Desktop\999_cs\animal-stress-reducer\processed_npy\635804.npy
183,638954.mp3,song,C:\Users\HishamMo\Desktop\999_cs\animal-stress-reducer\processed_npy\638954.npy
184,639620.mp3,song,C:\Users\HishamMo\Desktop\999_cs\animal-stress-reducer\processed_npy\639620.npy
185,641368.mp3,song,C:\Users\HishamMo\Desktop\999_cs\animal-stress-reducer\processed_npy\641368.npy
186,643315.mp3,song,C:\Users\HishamMo\Desktop\999_cs\animal-stress-reducer\processed_npy\643315.npy
187,644789.mp3,song,C:\Users\HishamMo\Desktop\999_cs\animal-stress-reducer\processed_npy\644789.npy
188,649834.mp3,song,C:\Users\HishamMo\Desktop\999_cs\animal-stress-reducer\processed_npy\649834.npy
189,653264.mp3,song,C:\Users\HishamMo\Desktop\999_cs\animal-stress-reducer\processed_npy\653264.npy
190,656197.mp3,song,C:\Users\HishamMo\Desktop\999_cs\animal-stress-reducer\processed_npy\656197.npy
191,694890.mp3,song,C:\Users\HishamMo\Desktop\999_cs\animal-stress-reducer\processed_npy\694890.npy
192,698342.mp3,song,C:\Users\HishamMo\Desktop\999_cs\animal-stress-reducer\processed_npy\698342.npy
193,698427.mp3,song,C:\Users\HishamMo\Desktop\999_cs\animal-stress-reducer\processed_npy\698427.npy
194,699177.mp3,song,C:\Users\HishamMo\Desktop\999_cs\animal-stress-reducer\processed_npy\699177.npy
195,700363.mp3,song,C:\Users\HishamMo\Desktop\999_cs\animal-stress-reducer\processed_npy\700363.npy
196,701100.mp3,song,C:\Users\HishamMo\Desktop\999_cs\animal-stress-reducer\processed_npy\701100.npy
197,702172.mp3,song,C:\Users\HishamMo\Desktop\999_cs\animal-stress-reducer\processed_npy\702172.npy
198,707232.mp3,song,C:\Users\HishamMo\Desktop\999_cs\animal-stress-reducer\processed_npy\707232.npy
199,709334.mp3,song,C:\Users\HishamMo\Desktop\999_cs\animal-stress-reducer\processed_npy\709334.npy
200,710157.mp3,song,C:\Users\HishamMo\Desktop\999_cs\animal-stress-reducer\processed_npy\710157.npy
201,711367.mp3,song,C:\Users\HishamMo\Desktop\999_cs\animal-stress-reducer\processed_npy\711367.npy
202,712689.mp3,song,C:\Users\HishamMo\Desktop\999_cs\animal-stress-reducer\processed_npy\712689.npy
203,713960.mp3,song,C:\Users\HishamMo\Desktop\999_cs\animal-stress-reducer\processed_npy\713960.npy
204,714966.mp3,song,C:\Users\HishamMo\Desktop\999_cs\animal-stress-reducer\processed_npy\714966.npy
205,715846.mp3,song,C:\Users\HishamMo\Desktop\999_cs\animal-stress-reducer\processed_npy\715846.npy
206,715983.mp3,song,C:\Users\HishamMo\Desktop\999_cs\animal-stress-reducer\processed_npy\715983.npy
207,716335.mp3,song,C:\Users\HishamMo\Desktop\999_cs\animal-stress-reducer\processed_npy\716335.npy
208,716368.mp3,song,C:\Users\HishamMo\Desktop\999_cs\animal-stress-reducer\processed_npy\716368.npy
209,716880.mp3,song,C:\Users\HishamMo\Desktop\999_cs\animal-stress-reducer\processed_npy\716880.npy
210,718274.mp3,song,C:\Users\HishamMo\Desktop\999_cs\animal-stress-reducer\processed_npy\718274.npy
211,719660.mp3,song,C:\Users\HishamMo\Desktop\999_cs\animal-stress-reducer\processed_npy\719660.npy
212,720292.mp3,song,C:\Users\HishamMo\Desktop\999_cs\animal-stress-reducer\processed_npy\720292.npy
213,720773.mp3,song,C:\Users\HishamMo\Desktop\999_cs\animal-stress-reducer\processed_npy\720773.npy
214,724068.mp3,song,C:\Users\HishamMo\Desktop\999_cs\animal-stress-reducer\processed_npy\724068.npy
215,729993.mp3,song,C:\Users\HishamMo\Desktop\999_cs\animal-stress-reducer\processed_npy\729993.npy
216,741377.mp3,song,C:\Users\HishamMo\Desktop\999_cs\animal-stress-reducer\processed_npy\741377.npy
217,780064.mp3,song,C:\Users\HishamMo\Desktop\999_cs\animal-stress-reducer\processed_npy\780064.npy
218,780463.mp3,song,C:\Users\HishamMo\Desktop\999_cs\animal-stress-reducer\processed_npy\780463.npy
219,783546.mp3,song,C:\Users\HishamMo\Desktop\999_cs\animal-stress-reducer\processed_npy\783546.npy
220,783621.mp3,song,C:\Users\HishamMo\Desktop\999_cs\animal-stress-reducer\processed_npy\783621.npy
221,788731.mp3,song,C:\Users\HishamMo\Desktop\999_cs\animal-stress-reducer\processed_npy\788731.npy
222,789416.mp3,song,C:\Users\HishamMo\Desktop\999_cs\animal-stress-reducer\processed_npy\789416.npy
223,791289.mp3,song,C:\Users\HishamMo\Desktop\999_cs\animal-stress-reducer\processed_npy\791289.npy
224,792183.mp3,song,C:\Users\HishamMo\Desktop\999_cs\animal-stress-reducer\processed_npy\792183.npy
225,795227.mp3,song,C:\Users\HishamMo\Desktop\999_cs\animal-stress-reducer\processed_npy\795227.npy
226,795763.mp3,song,C:\Users\HishamMo\Desktop\999_cs\animal-stress-reducer\processed_npy\795763.npy
227,798515.mp3,song,C:\Users\HishamMo\Desktop\999_cs\animal-stress-reducer\processed_npy\798515.npy
228,798517.mp3,song,C:\Users\HishamMo\Desktop\999_cs\animal-stress-reducer\processed_npy\798517.npy
229,798922.mp3,song,C:\Users\HishamMo\Desktop\999_cs\animal-stress-reducer\processed_npy\798922.npy
230,799282.mp3,song,C:\Users\HishamMo\Desktop\999_cs\animal-stress-reducer\processed_npy\799282.npy
231,800916.mp3,song,C:\Users\HishamMo\Desktop\999_cs\animal-stress-reducer\processed_npy\800916.npy
232,804299.mp3,song,C:\Users\HishamMo\Desktop\999_cs\animal-stress-reducer\processed_npy\804299.npy
233,804462.mp3,song,C:\Users\HishamMo\Desktop\999_cs\animal-stress-reducer\processed_npy\804462.npy
234,806892.mp3,song,C:\Users\HishamMo\Desktop\999_cs\animal-stress-reducer\processed_npy\806892.npy
235,813556.mp3,song,C:\Users\HishamMo\Desktop\999_cs\animal-stress-reducer\processed_npy\813556.npy
236,813557.mp3,song,C:\Users\HishamMo\Desktop\999_cs\animal-stress-reducer\processed_npy\813557.npy
237,814261.mp3,song,C:\Users\HishamMo\Desktop\999_cs\animal-stress-reducer\processed_npy\814261.npy
238,814262.mp3,song,C:\Users\HishamMo\Desktop\999_cs\animal-stress-reducer\processed_npy\814262.npy
239,832368.mp3,song,C:\Users\HishamMo\Desktop\999_cs\animal-stress-reducer\processed_npy\832368.npy
240,833622.mp3,song,C:\Users\HishamMo\Desktop\999_cs\animal-stress-reducer\processed_npy\833622.npy
241,843484.mp3,song,C:\Users\HishamMo\Desktop\999_cs\animal-stress-reducer\processed_npy\843484.npy
242,845019.mp3,song,C:\Users\HishamMo\Desktop\999_cs\animal-stress-reducer\processed_npy\845019.npy
243,862138.mp3,song,C:\Users\HishamMo\Desktop\999_cs\animal-stress-reducer\processed_npy\862138.npy
244,865913.mp3,song,C:\Users\HishamMo\Desktop\999_cs\animal-stress-reducer\processed_npy\865913.npy
245,870733.mp3,song,C:\Users\HishamMo\Desktop\999_cs\animal-stress-reducer\processed_npy\870733.npy
246,871383.mp3,song,C:\Users\HishamMo\Desktop\999_cs\animal-stress-reducer\processed_npy\871383.npy
247,874098.mp3,song,C:\Users\HishamMo\Desktop\999_cs\animal-stress-reducer\processed_npy\874098.npy
248,879379.mp3,song,C:\Users\HishamMo\Desktop\999_cs\animal-stress-reducer\processed_npy\879379.npy
249,879770.mp3,song,C:\Users\HishamMo\Desktop\999_cs\animal-stress-reducer\processed_npy\879770.npy
250,883597.mp3,song,C:\Users\HishamMo\Desktop\999_cs\animal-stress-reducer\processed_npy\883597.npy
251,895153.mp3,song,C:\Users\HishamMo\Desktop\999_cs\animal-stress-reducer\processed_npy\895153.npy
252,905525.mp3,song,C:\Users\HishamMo\Desktop\999_cs\animal-stress-reducer\processed_npy\905525.npy
253,922369.mp3,song,C:\Users\HishamMo\Desktop\999_cs\animal-stress-reducer\processed_npy\922369.npy
254,922370.mp3,song,C:\Users\HishamMo\Desktop\999_cs\animal-stress-reducer\processed_npy\922370.npy
255,939098.mp3,song,C:\Users\HishamMo\Desktop\999_cs\animal-stress-reducer\processed_npy\939098.npy
256,955699.mp3,song,C:\Users\HishamMo\Desktop\999_cs\animal-stress-reducer\processed_npy\955699.npy
257,962211.mp3,song,C:\Users\HishamMo\Desktop\999_cs\animal-stress-reducer\processed_npy\962211.npy
258,964295.mp3,song,C:\Users\HishamMo\Desktop\999_cs\animal-stress-reducer\processed_npy\964295.npy
259,964319.mp3,song,C:\Users\HishamMo\Desktop\999_cs\animal-stress-reducer\processed_npy\964319.npy
260,972649.mp3,song,C:\Users\HishamMo\Desktop\999_cs\animal-stress-reducer\processed_npy\972649.npy
261,975084.mp3,song,C:\Users\HishamMo\Desktop\999_cs\animal-stress-reducer\processed_npy\975084.npy
262,975502.mp3,song,C:\Users\HishamMo\Desktop\999_cs\animal-stress-reducer\processed_npy\975502.npy
263,978868.mp3,song,C:\Users\HishamMo\Desktop\999_cs\animal-stress-reducer\processed_npy\978868.npy
264,985185.mp3,song,C:\Users\HishamMo\Desktop\999_cs\animal-stress-reducer\processed_npy\985185.npy
265,986668.mp3,song,C:\Users\HishamMo\Desktop\999_cs\animal-stress-reducer\processed_npy\986668.npy
266,987454.mp3,song,C:\Users\HishamMo\Desktop\999_cs\animal-stress-reducer\processed_npy\987454.npy
267,987878.mp3,song,C:\Users\HishamMo\Desktop\999_cs\animal-stress-reducer\processed_npy\987878.npy
268,990596.mp3,song,C:\Users\HishamMo\Desktop\999_cs\animal-stress-reducer\processed_npy\990596.npy
269,992471.mp3,song,C:\Users\HishamMo\Desktop\999_cs\animal-stress-reducer\processed_npy\992471.npy
270,994570.mp3,song,C:\Users\HishamMo\Desktop\999_cs\animal-stress-reducer\processed_npy\994570.npy
271,995195.mp3,song,C:\Users\HishamMo\Desktop\999_cs\animal-stress-reducer\processed_npy\995195.npy
